{
    "total_runtime": 784.4230599403381,
    "num_documents": 1,
    "input_load_time": 0,
    "workflows": {
        "create_base_text_units": {
            "overall": 0.2488718032836914,
            "0_orderby": 0.003554105758666992,
            "1_zip": 0.002090930938720703,
            "2_aggregate_override": 0.00447392463684082,
            "3_chunk": 0.17656326293945312,
            "4_select": 0.0028820037841796875,
            "5_unroll": 0.004026174545288086,
            "6_rename": 0.0025191307067871094,
            "7_genid": 0.005408048629760742,
            "8_unzip": 0.0033462047576904297,
            "9_copy": 0.002671957015991211,
            "10_filter": 0.040025949478149414
        },
        "create_base_extracted_entities": {
            "overall": 494.8370130062103,
            "0_entity_extract": 494.6467671394348,
            "1_merge_graphs": 0.18709802627563477
        },
        "create_summarized_entities": {
            "overall": 53.12806797027588,
            "0_summarize_descriptions": 53.124500036239624
        },
        "create_base_entity_graph": {
            "overall": 0.09313702583312988,
            "0_cluster_graph": 0.08550882339477539,
            "1_select": 0.003963947296142578
        },
        "create_final_entities": {
            "overall": 1.1988098621368408,
            "0_unpack_graph": 0.019117116928100586,
            "1_rename": 0.004653215408325195,
            "2_select": 0.004421710968017578,
            "3_dedupe": 0.0065343379974365234,
            "4_rename": 0.0047681331634521484,
            "5_filter": 0.011114358901977539,
            "6_text_split": 0.007012844085693359,
            "7_drop": 0.0051729679107666016,
            "8_merge": 0.01911616325378418,
            "9_text_embed": 1.092742919921875,
            "10_drop": 0.006148815155029297,
            "11_filter": 0.01372385025024414
        },
        "create_final_nodes": {
            "overall": 0.22879910469055176,
            "0_layout_graph": 0.07633614540100098,
            "1_unpack_graph": 0.022188901901245117,
            "2_unpack_graph": 0.021949052810668945,
            "3_drop": 0.0063648223876953125,
            "4_filter": 0.015836000442504883,
            "5_select": 0.00732111930847168,
            "6_rename": 0.007009029388427734,
            "7_convert": 0.04664492607116699,
            "8_join": 0.011076927185058594,
            "9_rename": 0.007905006408691406
        },
        "create_final_communities": {
            "overall": 0.21846890449523926,
            "0_unpack_graph": 0.022680997848510742,
            "1_unpack_graph": 0.022174835205078125,
            "2_aggregate_override": 0.010873079299926758,
            "3_join": 0.012594938278198242,
            "4_join": 0.012237071990966797,
            "5_concat": 0.008638143539428711,
            "6_filter": 0.03851914405822754,
            "7_aggregate_override": 0.012162208557128906,
            "8_join": 0.011272907257080078,
            "9_filter": 0.019738197326660156,
            "10_fill": 0.009311914443969727,
            "11_merge": 0.011264801025390625,
            "12_copy": 0.008956193923950195,
            "13_select": 0.010285139083862305
        },
        "join_text_units_to_entity_ids": {
            "overall": 0.042227983474731445,
            "0_select": 0.009769916534423828,
            "1_unroll": 0.010325908660888672,
            "2_aggregate_override": 0.012792825698852539
        },
        "create_final_relationships": {
            "overall": 0.16459894180297852,
            "0_unpack_graph": 0.024851083755493164,
            "1_filter": 0.023418903350830078,
            "2_rename": 0.010785102844238281,
            "3_filter": 0.03604888916015625,
            "4_drop": 0.011614084243774414,
            "5_compute_edge_combined_degree": 0.013759136199951172,
            "6_convert": 0.022644996643066406,
            "7_convert": 0.011008024215698242
        },
        "join_text_units_to_relationship_ids": {
            "overall": 0.07043910026550293,
            "0_select": 0.012461185455322266,
            "1_unroll": 0.01571512222290039,
            "2_aggregate_override": 0.016530990600585938,
            "3_select": 0.013789892196655273
        },
        "create_final_community_reports": {
            "overall": 231.98017811775208,
            "0_prepare_community_reports_nodes": 0.016201257705688477,
            "1_prepare_community_reports_edges": 0.013935089111328125,
            "2_restore_community_hierarchy": 0.014758825302124023,
            "3_prepare_community_reports": 0.11410093307495117,
            "4_create_community_reports": 231.78881192207336,
            "5_window": 0.01952385902404785
        },
        "create_final_text_units": {
            "overall": 0.1015629768371582,
            "0_select": 0.01333928108215332,
            "1_rename": 0.013732194900512695,
            "2_join": 0.01805901527404785,
            "3_join": 0.015694141387939453,
            "4_aggregate_override": 0.014386177062988281,
            "5_select": 0.013346195220947266
        },
        "create_base_documents": {
            "overall": 0.176710844039917,
            "0_unroll": 0.021472930908203125,
            "1_select": 0.024242877960205078,
            "2_rename": 0.015987873077392578,
            "3_join": 0.018211841583251953,
            "4_aggregate_override": 0.01625204086303711,
            "5_join": 0.017822980880737305,
            "6_rename": 0.01584005355834961,
            "7_convert": 0.03228402137756348
        },
        "create_final_documents": {
            "overall": 0.03230905532836914,
            "0_rename": 0.01576995849609375
        }
    }
}